"product_id","product_name","product_url","variant_count","default_price"
"81276000000991331","Attache 90° pour main courante","https://boutique.materiauxsml.com/products/a0424a3aff/81276000000991331","2","32,83"
"81276000000921117","Cabanon composite SML Urban","https://boutique.materiauxsml.com/products/a0b9722954/81276000000921117","24","6421,8"
"81276000000215588","Treillis en aluminium 1800mm x 20mm x 300mm leaf noir","https://boutique.materiauxsml.com/products/a0f5d4c3b4/81276000000215588","1","138,36"
"81276000000215606","Spacer noir","https://boutique.materiauxsml.com/products/a12d1cc1ad/81276000000215606","1","3"
"81276000000390187","Planche de clôture en composite","https://boutique.materiauxsml.com/products/a42000bc99/81276000000390187","11","18,81"
"81276000000991307","Attache 90° haute résistance","https://boutique.materiauxsml.com/products/a5095cfc69/81276000000991307","2","44,66"
"81276000000991273","Attache 180°","https://boutique.materiauxsml.com/products/attache-180/81276000000991273","2","31,5"
"81276000001498288","Section clôture composite","https://boutique.materiauxsml.com/products/b1028caca3/81276000001498288","3","281,38"
"81276000000926893","Cabanon composite SML Skylight","https://boutique.materiauxsml.com/products/b169c441ac/81276000000926893","18","3880,8"
"81276000000991249","Attache 180° pour main courante","https://boutique.materiauxsml.com/products/b1eb4efdf8/81276000000991249","2","18,92"
"81276000000991795","Main courante 19'","https://boutique.materiauxsml.com/products/b1edfde247/81276000000991795","2","299,74"
"81276000000991379","Attache ajustable","https://boutique.materiauxsml.com/products/b231396aaf/81276000000991379","2","41,43"
"81276000000215516","Traverse en aluminium inférieure supérieure noir","https://boutique.materiauxsml.com/products/be10df7ab3/81276000000215516","1","55,66"
"81276000000215597","Treillis en aluminium 1800mm x 20mm x 300mm brique noir","https://boutique.materiauxsml.com/products/c2639d9756/81276000000215597","1","138,36"
"81276000001164163","Porte simple en verre trempé | QUINCAILLERIE INCLUSE","https://boutique.materiauxsml.com/products/c272431670/81276000001164163","40","473,23"
"81276000000925427","Cabanon composite SML Panorama","https://boutique.materiauxsml.com/products/cc40e26992/81276000000925427","12","11926,2"
"81276000000991225","Attache 180° haute résistance","https://boutique.materiauxsml.com/products/d338e892ba/81276000000991225","2","34,35"
"81276000000991527","Capuchon pour main courante","https://boutique.materiauxsml.com/products/d355d228b8/81276000000991527","2","14,05"
"81276000000927459","Cabanon composite SML Pool House","https://boutique.materiauxsml.com/products/d360ad614a/81276000000927459","6","17941,33"
"81276000001128023","Porte clôture composite","https://boutique.materiauxsml.com/products/d3697a6c29/81276000001128023","6","849,95"
"81276000000991561","Loquet","https://boutique.materiauxsml.com/products/d3a370ab4f/81276000000991561","4","83,42"
"81276000000925277","Cabanon composite SML Loft","https://boutique.materiauxsml.com/products/d3d3502a3b/81276000000925277","12","12537,8"
"81276000000991355","Attache 90°","https://boutique.materiauxsml.com/products/d72a58382c/81276000000991355","2","31,38"
"81276000001544001","Section de clôture en bois de cèdre","https://boutique.materiauxsml.com/products/d86447051a/81276000001544001","1","399,95"
"81276000000926745","Cabanon composite SML Vista","https://boutique.materiauxsml.com/products/db1dbfc7c5/81276000000926745","10","12375"
"81276000001153591","Porte double en verre trempé | QUINCAILLERIE INCLUSE","https://boutique.materiauxsml.com/products/e47d70f6a6/81276000001153591","32","1091,28"
"81276000000991867","Spigot montage latéral","https://boutique.materiauxsml.com/products/e47e38f0e1/81276000000991867","2","82,19"
"81276000001054169","Vis pour spigot","https://boutique.materiauxsml.com/products/e4828cf6dd/81276000001054169","6","1,43"
"81276000000991427","Attache mur haute résistance","https://boutique.materiauxsml.com/products/e4a57302c2/81276000000991427","2","33,78"
"81276000001544107","Poteau 3&quot; x 3&quot; pour clôture en bois de cèdre","https://boutique.materiauxsml.com/products/e4ba9cef0f/81276000001544107","1","161,95"
"81276000000991403","Attache ajustable pour main courante","https://boutique.materiauxsml.com/products/eeed2060ce/81276000000991403","2","34,55"
"81276000000925567","Cabanon composite SML Horizon","https://boutique.materiauxsml.com/products/f5cfe69553/81276000000925567","6","11926,2"
"81276000000991843","Spigot ajustable","https://boutique.materiauxsml.com/products/f5de04d37d/81276000000991843","2","85,7"
"81276000000215570","Bande décorative en aluminium 1800mm x 20mm x 61.5mm noir","https://boutique.materiauxsml.com/products/f889d33747/81276000000215570","1","28,57"
"81276000001544018","Porte pour clôture en bois de cèdre","https://boutique.materiauxsml.com/products/ffabc5a9c6/81276000001544018","1","289,95"
"81276000000991891","Verrou de plancher","https://boutique.materiauxsml.com/products/g663c17e64/81276000000991891","2","104,38"
"81276000000411547","Panneau de verre","https://boutique.materiauxsml.com/products/g668b7d356/81276000000411547","72","42,86"
"81276000000927139","Cabanon composite SML Skylight vision","https://boutique.materiauxsml.com/products/g66bc4434a/81276000000927139","30","3988,6"
"81276000000991819","Paire de pentures à ressort pour porte en verre","https://boutique.materiauxsml.com/products/h7164e0a53/81276000000991819","2","215,04"
"81276000000925973","Cabanon composite SML Pavillon","https://boutique.materiauxsml.com/products/h75cba0c38/81276000000925973","50","5940"
"81276000001054231","Porte en verre trempé","https://boutique.materiauxsml.com/products/h761372349/81276000001054231","12","178,57"
"81276000000620226","Poteau d'aluminium 2750mm x 75mm x 75mm avec semelle noir","https://boutique.materiauxsml.com/products/i837254bdf/81276000000620226","1","175,26"
"81276000000925675","Cabanon composite SML Cube","https://boutique.materiauxsml.com/products/i858ff139f/81276000000925675","18","5280"
"81276000000925033","Cabanon composite SML Nook","https://boutique.materiauxsml.com/products/i8649e2974/81276000000925033","6","8562,4"
"81276000000620053","Poteau d'aluminium 2750mm x 75mm x 75mm noir","https://boutique.materiauxsml.com/products/i8b867b841/81276000000620053","1","129,14"
"81276000000991451","Attache mur","https://boutique.materiauxsml.com/products/i8f348a40c/81276000000991451","2","24,16"
"81276000000215579","Treillis en aluminium 1800mm x 20mm x 300mm stratus noir","https://boutique.materiauxsml.com/products/j93607577f/81276000000215579","1","138,36"
"81276000000814182","Panneau de verre tempé troué","https://boutique.materiauxsml.com/products/j9daaeb554/81276000000814182","36","113,79"
"81276000000926519","Cabanon composite SML Pavillon Lumi","https://boutique.materiauxsml.com/products/j9ffd0f862/81276000000926519","20","12127,5"
